<?xml version="1.0" encoding="UTF-8"?>
<metadata modelVersion="1.1.0">
  <groupId>com.dnk</groupId>
  <artifactId>Tic_Tac_Toe</artifactId>
  <versioning>
    <lastUpdated>20241126174446</lastUpdated>
    <snapshot>
      <localCopy>true</localCopy>
    </snapshot>
    <snapshotVersions>
      <snapshotVersion>
        <extension>pom</extension>
        <value>1.0-SNAPSHOT</value>
        <updated>20241126174446</updated>
      </snapshotVersion>
      <snapshotVersion>
        <extension>jar</extension>
        <value>1.0-SNAPSHOT</value>
        <updated>20241126174446</updated>
      </snapshotVersion>
    </snapshotVersions>
  </versioning>
  <version>1.0-SNAPSHOT</version>
</metadata>
